"工作流程名稱","wff2dd6a4d-d3fc-4cfb-a4a5-1967f4300d36"
"貨件 ID","FBA15LZ0X48L"
"貨件名稱","FBA STA (29/06/2026 02:37)-KTW5"
"配送至","Oschatz, Saxony"
"包裝箱","629"
"SKU","10"
"單位數量","629"

"箱裝 (629 個包裝箱)"
"SKU","標題","ASIN","FNSKU","裝運箱範本名稱","狀況","由誰預處理商品？","由誰為商品貼標籤？","預處理類型","包裝箱重量 (公斤)","包裝箱長度 (公分)","包裝箱寬度 (公分)","包裝箱高度 (公分)","每包裝箱商品數量","包裝箱總數","商品總數","包裝箱 ID"
"KSNEDE-FS-N8-MD600LOAK2P","KovaScape Wandregal Eiche, 60cm, 29.5cm Tief, 5cm Dick, 2er Set, Schweberegal Hängeregal Floating Shelves, Unsichtbare Halterung, Kratzfest für Schlafzimmer Badezimmer Küche Wohnzimmer Flur Büro","B0H2VQGYZN","X002LQP76L","","全新","-","由賣家","無需預處理","5.3","65","33","13","1","70","70","FBA15LZ0X48LU000470,FBA15LZ0X48LU000407,FBA15LZ0X48LU000424,FBA15LZ0X48LU000467,FBA15LZ0X48LU000435,FBA15LZ0X48LU000438,FBA15LZ0X48LU000456,FBA15LZ0X48LU000413,FBA15LZ0X48LU000443,FBA15LZ0X48LU000469,FBA15LZ0X48LU000436,FBA15LZ0X48LU000447,FBA15LZ0X48LU000464,FBA15LZ0X48LU000466,FBA15LZ0X48LU000415,FBA15LZ0X48LU000420,FBA15LZ0X48LU000425,FBA15LZ0X48LU000418,FBA15LZ0X48LU000455,FBA15LZ0X48LU000427,FBA15LZ0X48LU000446,FBA15LZ0X48LU000417,FBA15LZ0X48LU000465,FBA15LZ0X48LU000416,FBA15LZ0X48LU000454,FBA15LZ0X48LU000472,FBA15LZ0X48LU000473,FBA15LZ0X48LU000409,FBA15LZ0X48LU000434,FBA15LZ0X48LU000451,FBA15LZ0X48LU000432,FBA15LZ0X48LU000449,FBA15LZ0X48LU000410,FBA15LZ0X48LU000453,FBA15LZ0X48LU000412,FBA15LZ0X48LU000414,FBA15LZ0X48LU000442,FBA15LZ0X48LU000406,FBA15LZ0X48LU000431,FBA15LZ0X48LU000441,FBA15LZ0X48LU000450,FBA15LZ0X48LU000429,FBA15LZ0X48LU000462,FBA15LZ0X48LU000474,FBA15LZ0X48LU000433,FBA15LZ0X48LU000411,FBA15LZ0X48LU000458,FBA15LZ0X48LU000430,FBA15LZ0X48LU000423,FBA15LZ0X48LU000439,FBA15LZ0X48LU000459,FBA15LZ0X48LU000444,FBA15LZ0X48LU000428,FBA15LZ0X48LU000452,FBA15LZ0X48LU000461,FBA15LZ0X48LU000421,FBA15LZ0X48LU000475,FBA15LZ0X48LU000408,FBA15LZ0X48LU000445,FBA15LZ0X48LU000457,FBA15LZ0X48LU000419,FBA15LZ0X48LU000440,FBA15LZ0X48LU000463,FBA15LZ0X48LU000426,FBA15LZ0X48LU000448,FBA15LZ0X48LU000437,FBA15LZ0X48LU000422,FBA15LZ0X48LU000468,FBA15LZ0X48LU000460,FBA15LZ0X48LU000471"
"KSNEDE-FS-N1-MD600LWAL2P","KovaScape Wandregal 2er Set Schweberegal 60 cm | Unsichtbare Halterung | Wandboard aus MDF Holz | Regalbrett extra Stauraum für Küche, Bad, Wohnzimmer und Schlafzimmer","B0GFDS3B1F","X002LQT2U3","","全新","-","由賣家","無需預處理","3.2","64.5","22.8","10.8","1","90","90","FBA15LZ0X48LU000189,FBA15LZ0X48LU000226,FBA15LZ0X48LU000211,FBA15LZ0X48LU000236,FBA15LZ0X48LU000208,FBA15LZ0X48LU000249,FBA15LZ0X48LU000229,FBA15LZ0X48LU000195,FBA15LZ0X48LU000205,FBA15LZ0X48LU000216,FBA15LZ0X48LU000214,FBA15LZ0X48LU000259,FBA15LZ0X48LU000231,FBA15LZ0X48LU000251,FBA15LZ0X48LU000219,FBA15LZ0X48LU000201,FBA15LZ0X48LU000194,FBA15LZ0X48LU000180,FBA15LZ0X48LU000237,FBA15LZ0X48LU000247,FBA15LZ0X48LU000218,FBA15LZ0X48LU000239,FBA15LZ0X48LU000250,FBA15LZ0X48LU000175,FBA15LZ0X48LU000254,FBA15LZ0X48LU000202,FBA15LZ0X48LU000212,FBA15LZ0X48LU000174,FBA15LZ0X48LU000232,FBA15LZ0X48LU000206,FBA15LZ0X48LU000209,FBA15LZ0X48LU000176,FBA15LZ0X48LU000192,FBA15LZ0X48LU000188,FBA15LZ0X48LU000171,FBA15LZ0X48LU000178,FBA15LZ0X48LU000197,FBA15LZ0X48LU000173,FBA15LZ0X48LU000242,FBA15LZ0X48LU000228,FBA15LZ0X48LU000190,FBA15LZ0X48LU000210,FBA15LZ0X48LU000213,FBA15LZ0X48LU000244,FBA15LZ0X48LU000196,FBA15LZ0X48LU000234,FBA15LZ0X48LU000238,FBA15LZ0X48LU000256,FBA15LZ0X48LU000220,FBA15LZ0X48LU000253,FBA15LZ0X48LU000207,FBA15LZ0X48LU000199,FBA15LZ0X48LU000222,FBA15LZ0X48LU000185,FBA15LZ0X48LU000198,FBA15LZ0X48LU000200,FBA15LZ0X48LU000233,FBA15LZ0X48LU000179,FBA15LZ0X48LU000184,FBA15LZ0X48LU000177,FBA15LZ0X48LU000235,FBA15LZ0X48LU000191,FBA15LZ0X48LU000245,FBA15LZ0X48LU000243,FBA15LZ0X48LU000215,FBA15LZ0X48LU000181,FBA15LZ0X48LU000172,FBA15LZ0X48LU000224,FBA15LZ0X48LU000225,FBA15LZ0X48LU000221,FBA15LZ0X48LU000170,FBA15LZ0X48LU000230,FBA15LZ0X48LU000257,FBA15LZ0X48LU000203,FBA15LZ0X48LU000227,FBA15LZ0X48LU000240,FBA15LZ0X48LU000182,FBA15LZ0X48LU000193,FBA15LZ0X48LU000255,FBA15LZ0X48LU000241,FBA15LZ0X48LU000204,FBA15LZ0X48LU000217,FBA15LZ0X48LU000223,FBA15LZ0X48LU000186,FBA15LZ0X48LU000252,FBA15LZ0X48LU000248,FBA15LZ0X48LU000246,FBA15LZ0X48LU000183,FBA15LZ0X48LU000187,FBA15LZ0X48LU000258"
"KSNEDE-FS-N8-MD600LZOC2P","KovaScape Wandregal Braun, 60cm, 29.5cm Tief, 5cm Dick, 2er Set, Schweberegal Hängeregal Floating Shelves, Unsichtbare Halterung, Kratzfest für Schlafzimmer Badezimmer Küche Wohnzimmer Flur Büro","B0H2W18YK3","X002LQPD65","","全新","-","由賣家","無需預處理","5.3","65","33","13","1","48","48","FBA15LZ0X48LU000572,FBA15LZ0X48LU000555,FBA15LZ0X48LU000532,FBA15LZ0X48LU000546,FBA15LZ0X48LU000547,FBA15LZ0X48LU000564,FBA15LZ0X48LU000533,FBA15LZ0X48LU000539,FBA15LZ0X48LU000526,FBA15LZ0X48LU000549,FBA15LZ0X48LU000545,FBA15LZ0X48LU000540,FBA15LZ0X48LU000560,FBA15LZ0X48LU000541,FBA15LZ0X48LU000556,FBA15LZ0X48LU000530,FBA15LZ0X48LU000538,FBA15LZ0X48LU000527,FBA15LZ0X48LU000531,FBA15LZ0X48LU000569,FBA15LZ0X48LU000570,FBA15LZ0X48LU000567,FBA15LZ0X48LU000535,FBA15LZ0X48LU000534,FBA15LZ0X48LU000565,FBA15LZ0X48LU000552,FBA15LZ0X48LU000553,FBA15LZ0X48LU000543,FBA15LZ0X48LU000568,FBA15LZ0X48LU000566,FBA15LZ0X48LU000537,FBA15LZ0X48LU000529,FBA15LZ0X48LU000542,FBA15LZ0X48LU000551,FBA15LZ0X48LU000558,FBA15LZ0X48LU000573,FBA15LZ0X48LU000559,FBA15LZ0X48LU000561,FBA15LZ0X48LU000562,FBA15LZ0X48LU000563,FBA15LZ0X48LU000554,FBA15LZ0X48LU000550,FBA15LZ0X48LU000528,FBA15LZ0X48LU000571,FBA15LZ0X48LU000557,FBA15LZ0X48LU000536,FBA15LZ0X48LU000544,FBA15LZ0X48LU000548"
"KSNEDE-FS-N1-MD600LGFD2P","KovaScape Wandregal 2er Set Schweberegal 60 cm | Unsichtbare Halterung | Wandboard aus MDF Holz | Regalbrett extra Stauraum für Küche, Bad, Wohnzimmer und Schlafzimmer","B0H333543D","X002LQYFAZ","","全新","-","由賣家","無需預處理","3.2","64.5","22.8","10.8","1","74","74","FBA15LZ0X48LU000125,FBA15LZ0X48LU000109,FBA15LZ0X48LU000119,FBA15LZ0X48LU000118,FBA15LZ0X48LU000101,FBA15LZ0X48LU000114,FBA15LZ0X48LU000099,FBA15LZ0X48LU000162,FBA15LZ0X48LU000110,FBA15LZ0X48LU000102,FBA15LZ0X48LU000105,FBA15LZ0X48LU000149,FBA15LZ0X48LU000142,FBA15LZ0X48LU000146,FBA15LZ0X48LU000111,FBA15LZ0X48LU000167,FBA15LZ0X48LU000154,FBA15LZ0X48LU000104,FBA15LZ0X48LU000164,FBA15LZ0X48LU000141,FBA15LZ0X48LU000135,FBA15LZ0X48LU000157,FBA15LZ0X48LU000132,FBA15LZ0X48LU000130,FBA15LZ0X48LU000143,FBA15LZ0X48LU000156,FBA15LZ0X48LU000160,FBA15LZ0X48LU000120,FBA15LZ0X48LU000150,FBA15LZ0X48LU000112,FBA15LZ0X48LU000140,FBA15LZ0X48LU000155,FBA15LZ0X48LU000145,FBA15LZ0X48LU000124,FBA15LZ0X48LU000169,FBA15LZ0X48LU000166,FBA15LZ0X48LU000113,FBA15LZ0X48LU000144,FBA15LZ0X48LU000148,FBA15LZ0X48LU000134,FBA15LZ0X48LU000117,FBA15LZ0X48LU000106,FBA15LZ0X48LU000163,FBA15LZ0X48LU000098,FBA15LZ0X48LU000103,FBA15LZ0X48LU000096,FBA15LZ0X48LU000116,FBA15LZ0X48LU000151,FBA15LZ0X48LU000136,FBA15LZ0X48LU000129,FBA15LZ0X48LU000138,FBA15LZ0X48LU000168,FBA15LZ0X48LU000100,FBA15LZ0X48LU000147,FBA15LZ0X48LU000107,FBA15LZ0X48LU000139,FBA15LZ0X48LU000133,FBA15LZ0X48LU000165,FBA15LZ0X48LU000153,FBA15LZ0X48LU000123,FBA15LZ0X48LU000137,FBA15LZ0X48LU000127,FBA15LZ0X48LU000126,FBA15LZ0X48LU000122,FBA15LZ0X48LU000121,FBA15LZ0X48LU000108,FBA15LZ0X48LU000128,FBA15LZ0X48LU000159,FBA15LZ0X48LU000115,FBA15LZ0X48LU000161,FBA15LZ0X48LU000097,FBA15LZ0X48LU000131,FBA15LZ0X48LU000152,FBA15LZ0X48LU000158"
"KSNEDE-FS-N8-MD600LWHT2P","KovaScape Wandregal Weiß, 60cm, 29.5cm Tief, 5cm Dick, 2er Set, Schweberegal Hängeregal Floating Shelves, Unsichtbare Halterung, Kratzfest für Schlafzimmer Badezimmer Küche Wohnzimmer Flur Büro","B0H2VWFHJQ","X002LQKX2T","","全新","-","由賣家","無需預處理","5.3","65","33","13","1","50","50","FBA15LZ0X48LU000482,FBA15LZ0X48LU000476,FBA15LZ0X48LU000507,FBA15LZ0X48LU000499,FBA15LZ0X48LU000512,FBA15LZ0X48LU000478,FBA15LZ0X48LU000518,FBA15LZ0X48LU000477,FBA15LZ0X48LU000481,FBA15LZ0X48LU000479,FBA15LZ0X48LU000510,FBA15LZ0X48LU000490,FBA15LZ0X48LU000498,FBA15LZ0X48LU000524,FBA15LZ0X48LU000486,FBA15LZ0X48LU000497,FBA15LZ0X48LU000516,FBA15LZ0X48LU000492,FBA15LZ0X48LU000504,FBA15LZ0X48LU000505,FBA15LZ0X48LU000513,FBA15LZ0X48LU000495,FBA15LZ0X48LU000509,FBA15LZ0X48LU000485,FBA15LZ0X48LU000508,FBA15LZ0X48LU000491,FBA15LZ0X48LU000520,FBA15LZ0X48LU000503,FBA15LZ0X48LU000511,FBA15LZ0X48LU000489,FBA15LZ0X48LU000483,FBA15LZ0X48LU000517,FBA15LZ0X48LU000500,FBA15LZ0X48LU000523,FBA15LZ0X48LU000493,FBA15LZ0X48LU000484,FBA15LZ0X48LU000487,FBA15LZ0X48LU000525,FBA15LZ0X48LU000514,FBA15LZ0X48LU000521,FBA15LZ0X48LU000494,FBA15LZ0X48LU000522,FBA15LZ0X48LU000501,FBA15LZ0X48LU000496,FBA15LZ0X48LU000480,FBA15LZ0X48LU000519,FBA15LZ0X48LU000488,FBA15LZ0X48LU000502,FBA15LZ0X48LU000506,FBA15LZ0X48LU000515"
"KSNEDE-FS-N1-MD800LWAL2P","KovaScape Wandregal 2er Set Schweberegal 80 cm | Unsichtbare Halterung | Wandboard aus MDF Holz | Regalbrett extra Stauraum für Küche, Bad, Wohnzimmer und Schlafzimmer","B0GFDGG1HG","X002LQSVHX","","全新","-","由賣家","無需預處理","3.7","85.5","23","11","1","86","86","FBA15LZ0X48LU000335,FBA15LZ0X48LU000368,FBA15LZ0X48LU000326,FBA15LZ0X48LU000330,FBA15LZ0X48LU000373,FBA15LZ0X48LU000383,FBA15LZ0X48LU000367,FBA15LZ0X48LU000369,FBA15LZ0X48LU000400,FBA15LZ0X48LU000344,FBA15LZ0X48LU000390,FBA15LZ0X48LU000386,FBA15LZ0X48LU000356,FBA15LZ0X48LU000381,FBA15LZ0X48LU000346,FBA15LZ0X48LU000320,FBA15LZ0X48LU000328,FBA15LZ0X48LU000321,FBA15LZ0X48LU000397,FBA15LZ0X48LU000395,FBA15LZ0X48LU000323,FBA15LZ0X48LU000375,FBA15LZ0X48LU000349,FBA15LZ0X48LU000372,FBA15LZ0X48LU000341,FBA15LZ0X48LU000345,FBA15LZ0X48LU000374,FBA15LZ0X48LU000336,FBA15LZ0X48LU000338,FBA15LZ0X48LU000332,FBA15LZ0X48LU000402,FBA15LZ0X48LU000378,FBA15LZ0X48LU000365,FBA15LZ0X48LU000358,FBA15LZ0X48LU000363,FBA15LZ0X48LU000352,FBA15LZ0X48LU000350,FBA15LZ0X48LU000403,FBA15LZ0X48LU000342,FBA15LZ0X48LU000376,FBA15LZ0X48LU000405,FBA15LZ0X48LU000327,FBA15LZ0X48LU000337,FBA15LZ0X48LU000382,FBA15LZ0X48LU000347,FBA15LZ0X48LU000322,FBA15LZ0X48LU000340,FBA15LZ0X48LU000355,FBA15LZ0X48LU000404,FBA15LZ0X48LU000329,FBA15LZ0X48LU000388,FBA15LZ0X48LU000396,FBA15LZ0X48LU000366,FBA15LZ0X48LU000384,FBA15LZ0X48LU000370,FBA15LZ0X48LU000361,FBA15LZ0X48LU000385,FBA15LZ0X48LU000359,FBA15LZ0X48LU000351,FBA15LZ0X48LU000324,FBA15LZ0X48LU000339,FBA15LZ0X48LU000364,FBA15LZ0X48LU000394,FBA15LZ0X48LU000360,FBA15LZ0X48LU000387,FBA15LZ0X48LU000377,FBA15LZ0X48LU000391,FBA15LZ0X48LU000354,FBA15LZ0X48LU000357,FBA15LZ0X48LU000371,FBA15LZ0X48LU000399,FBA15LZ0X48LU000401,FBA15LZ0X48LU000393,FBA15LZ0X48LU000343,FBA15LZ0X48LU000331,FBA15LZ0X48LU000325,FBA15LZ0X48LU000334,FBA15LZ0X48LU000389,FBA15LZ0X48LU000379,FBA15LZ0X48LU000353,FBA15LZ0X48LU000398,FBA15LZ0X48LU000380,FBA15LZ0X48LU000392,FBA15LZ0X48LU000348,FBA15LZ0X48LU000333,FBA15LZ0X48LU000362"
"KSNEDE-FS-N8-MD900LOAK2P","KovaScape Wandregal Eiche, 90cm, 29.5cm Tief, 5cm Dick, 2er Set, Schweberegal Hängeregal Floating Shelves, Unsichtbare Halterung, Kratzfest für Schlafzimmer Badezimmer Küche Wohnzimmer Flur Büro","B0H2VWJHFS","X002LQKHKR","","全新","-","由賣家","無需預處理","6.85","97","33","13","1","56","56","FBA15LZ0X48LU000610,FBA15LZ0X48LU000574,FBA15LZ0X48LU000590,FBA15LZ0X48LU000624,FBA15LZ0X48LU000613,FBA15LZ0X48LU000580,FBA15LZ0X48LU000603,FBA15LZ0X48LU000577,FBA15LZ0X48LU000600,FBA15LZ0X48LU000607,FBA15LZ0X48LU000576,FBA15LZ0X48LU000594,FBA15LZ0X48LU000620,FBA15LZ0X48LU000621,FBA15LZ0X48LU000584,FBA15LZ0X48LU000596,FBA15LZ0X48LU000589,FBA15LZ0X48LU000614,FBA15LZ0X48LU000625,FBA15LZ0X48LU000608,FBA15LZ0X48LU000582,FBA15LZ0X48LU000598,FBA15LZ0X48LU000588,FBA15LZ0X48LU000627,FBA15LZ0X48LU000599,FBA15LZ0X48LU000606,FBA15LZ0X48LU000585,FBA15LZ0X48LU000623,FBA15LZ0X48LU000619,FBA15LZ0X48LU000611,FBA15LZ0X48LU000578,FBA15LZ0X48LU000615,FBA15LZ0X48LU000616,FBA15LZ0X48LU000597,FBA15LZ0X48LU000591,FBA15LZ0X48LU000592,FBA15LZ0X48LU000601,FBA15LZ0X48LU000587,FBA15LZ0X48LU000622,FBA15LZ0X48LU000605,FBA15LZ0X48LU000618,FBA15LZ0X48LU000581,FBA15LZ0X48LU000595,FBA15LZ0X48LU000602,FBA15LZ0X48LU000609,FBA15LZ0X48LU000593,FBA15LZ0X48LU000612,FBA15LZ0X48LU000579,FBA15LZ0X48LU000575,FBA15LZ0X48LU000604,FBA15LZ0X48LU000617,FBA15LZ0X48LU000626,FBA15LZ0X48LU000583,FBA15LZ0X48LU000628,FBA15LZ0X48LU000586,FBA15LZ0X48LU000629"
"KSNEDE-FS-N1-MD800LGFD2P","KovaScape Wandregal 2er Set Schweberegal 80 cm | Unsichtbare Halterung | Wandboard aus MDF Holz | Regalbrett extra Stauraum für Küche, Bad, Wohnzimmer und Schlafzimmer","B0H33C41C7","X002LQSX2V","","全新","-","由賣家","無需預處理","3.7","85.5","23","11","1","60","60","FBA15LZ0X48LU000268,FBA15LZ0X48LU000264,FBA15LZ0X48LU000280,FBA15LZ0X48LU000270,FBA15LZ0X48LU000277,FBA15LZ0X48LU000265,FBA15LZ0X48LU000284,FBA15LZ0X48LU000269,FBA15LZ0X48LU000266,FBA15LZ0X48LU000282,FBA15LZ0X48LU000279,FBA15LZ0X48LU000274,FBA15LZ0X48LU000271,FBA15LZ0X48LU000261,FBA15LZ0X48LU000262,FBA15LZ0X48LU000281,FBA15LZ0X48LU000272,FBA15LZ0X48LU000283,FBA15LZ0X48LU000267,FBA15LZ0X48LU000278,FBA15LZ0X48LU000273,FBA15LZ0X48LU000263,FBA15LZ0X48LU000285,FBA15LZ0X48LU000260,FBA15LZ0X48LU000275,FBA15LZ0X48LU000276,FBA15LZ0X48LU000287,FBA15LZ0X48LU000309,FBA15LZ0X48LU000306,FBA15LZ0X48LU000292,FBA15LZ0X48LU000290,FBA15LZ0X48LU000304,FBA15LZ0X48LU000295,FBA15LZ0X48LU000288,FBA15LZ0X48LU000296,FBA15LZ0X48LU000318,FBA15LZ0X48LU000301,FBA15LZ0X48LU000312,FBA15LZ0X48LU000317,FBA15LZ0X48LU000319,FBA15LZ0X48LU000311,FBA15LZ0X48LU000313,FBA15LZ0X48LU000286,FBA15LZ0X48LU000303,FBA15LZ0X48LU000302,FBA15LZ0X48LU000298,FBA15LZ0X48LU000294,FBA15LZ0X48LU000307,FBA15LZ0X48LU000316,FBA15LZ0X48LU000308,FBA15LZ0X48LU000305,FBA15LZ0X48LU000314,FBA15LZ0X48LU000291,FBA15LZ0X48LU000315,FBA15LZ0X48LU000297,FBA15LZ0X48LU000289,FBA15LZ0X48LU000299,FBA15LZ0X48LU000300,FBA15LZ0X48LU000310,FBA15LZ0X48LU000293"
"KSNEDE-FS-N1-MD1000LGFD2P","KovaScape Wandregal 2er Set Schweberegal 100 cm | Unsichtbare Halterung | Wandboard aus MDF Holz | Regalbrett extra Stauraum für Küche, Bad, Wohnzimmer und Schlafzimmer","B0H33HQ2C2","X002LQWYG7","","全新","-","由賣家","無需預處理","4.7","105.3","23","10.6","1","50","50","FBA15LZ0X48LU000043,FBA15LZ0X48LU000002,FBA15LZ0X48LU000014,FBA15LZ0X48LU000040,FBA15LZ0X48LU000042,FBA15LZ0X48LU000038,FBA15LZ0X48LU000047,FBA15LZ0X48LU000022,FBA15LZ0X48LU000011,FBA15LZ0X48LU000031,FBA15LZ0X48LU000050,FBA15LZ0X48LU000017,FBA15LZ0X48LU000007,FBA15LZ0X48LU000030,FBA15LZ0X48LU000025,FBA15LZ0X48LU000004,FBA15LZ0X48LU000046,FBA15LZ0X48LU000035,FBA15LZ0X48LU000006,FBA15LZ0X48LU000036,FBA15LZ0X48LU000045,FBA15LZ0X48LU000039,FBA15LZ0X48LU000015,FBA15LZ0X48LU000037,FBA15LZ0X48LU000024,FBA15LZ0X48LU000028,FBA15LZ0X48LU000049,FBA15LZ0X48LU000013,FBA15LZ0X48LU000005,FBA15LZ0X48LU000029,FBA15LZ0X48LU000033,FBA15LZ0X48LU000027,FBA15LZ0X48LU000009,FBA15LZ0X48LU000034,FBA15LZ0X48LU000010,FBA15LZ0X48LU000003,FBA15LZ0X48LU000018,FBA15LZ0X48LU000023,FBA15LZ0X48LU000041,FBA15LZ0X48LU000012,FBA15LZ0X48LU000021,FBA15LZ0X48LU000019,FBA15LZ0X48LU000026,FBA15LZ0X48LU000016,FBA15LZ0X48LU000044,FBA15LZ0X48LU000001,FBA15LZ0X48LU000008,FBA15LZ0X48LU000048,FBA15LZ0X48LU000020,FBA15LZ0X48LU000032"
"KSNEDE-FS-N1-MD1000LWAL2P","KovaScape Wandregal 2er Set Schweberegal 100 cm | Unsichtbare Halterung | Wandboard aus MDF Holz | Regalbrett extra Stauraum für Küche, Bad, Wohnzimmer und Schlafzimmer","B0H33K1TLF","X002LQR8X1","","全新","-","由賣家","無需預處理","4.7","105.3","23","10.6","1","45","45","FBA15LZ0X48LU000093,FBA15LZ0X48LU000085,FBA15LZ0X48LU000081,FBA15LZ0X48LU000059,FBA15LZ0X48LU000083,FBA15LZ0X48LU000080,FBA15LZ0X48LU000070,FBA15LZ0X48LU000084,FBA15LZ0X48LU000087,FBA15LZ0X48LU000053,FBA15LZ0X48LU000071,FBA15LZ0X48LU000075,FBA15LZ0X48LU000074,FBA15LZ0X48LU000072,FBA15LZ0X48LU000069,FBA15LZ0X48LU000082,FBA15LZ0X48LU000078,FBA15LZ0X48LU000055,FBA15LZ0X48LU000079,FBA15LZ0X48LU000062,FBA15LZ0X48LU000061,FBA15LZ0X48LU000094,FBA15LZ0X48LU000066,FBA15LZ0X48LU000076,FBA15LZ0X48LU000051,FBA15LZ0X48LU000054,FBA15LZ0X48LU000065,FBA15LZ0X48LU000068,FBA15LZ0X48LU000092,FBA15LZ0X48LU000089,FBA15LZ0X48LU000088,FBA15LZ0X48LU000077,FBA15LZ0X48LU000090,FBA15LZ0X48LU000057,FBA15LZ0X48LU000086,FBA15LZ0X48LU000060,FBA15LZ0X48LU000063,FBA15LZ0X48LU000073,FBA15LZ0X48LU000056,FBA15LZ0X48LU000064,FBA15LZ0X48LU000067,FBA15LZ0X48LU000095,FBA15LZ0X48LU000091,FBA15LZ0X48LU000058,FBA15LZ0X48LU000052"